id;name;description;link;stl_order;height;width;orientation;demo
1;ADP (Bouvetoya) Specialist;wireless 9(E.U.A.-9);Frozen Ergonomic Avon;67101;64642;10418;HORIZONTAL;true
2;Security orchid;1080p Toys bypassing;Virginia Savings;37221;84740;96062;VERTICAL;true
3;clear-thinking;Unbranded Franc Central;digital challenge;34253;3676;16702;HORIZONTAL;false
4;Health;Franc foreground;user-centric;15695;65332;71552;HORIZONTAL;true
5;Plastic programming Swaziland;green;navigate;34557;19736;44974;HORIZONTAL;false
6;panel;intuitive Games;Poland Versatile e-business;88368;36655;37809;VERTICAL;false
7;rich bandwidth-monitored Car;web-readiness International;Automotive;25418;72099;79278;VERTICAL;true
8;invoice Engineer;Bedfordshire program proactive;Incredible;46672;20795;1258;HORIZONTAL;true
9;connect Buckinghamshire;Accountability;Liberia open-source Argentine;19519;6197;57591;VERTICAL;true
10;synthesize yellow;Upgradable 24/7 Tasty;Metical copy;51417;38284;92494;HORIZONTAL;false
