id;name;active;reference;description;max_photos;visible;company_id
1;Usability Lek Small;false;Dinar Games Lesotho;driver Bacon Horizontal;70777;true;1
2;visionary parse;false;Card Salad;Central dynamic visualize;38986;true;2
3;Senior;true;Roads;middleware Principal;66051;false;3
4;Tasty blue;false;Lakes calculate Customer-focused;Borders Gorgeous Personal;77592;false;4
5;mesh orchestrate grey;true;panel;deploy;31071;true;5
6;Account methodology;true;Optimized eyeballs;Keyboard Micronesia;52976;true;6
7;support architecture;false;white stable;Borders Ergonomic;68164;true;7
8;Cambridgeshire 1080p Grocery;false;24/365;Grocery reintermediate Supervisor;89033;true;8
9;Plastic;false;navigating Station Corporate;white services Gorgeous;23087;true;9
10;Program framework;false;SMTP;Communications Rubber;52120;false;10
